MstrRecNbrTxt,CollisionDate,CollisionDteTime,YearNmb,Month,DayOfWeek,Hour,Latitude,Longitude,InjuryClass,PersonType,NonMotoristLocation,RelationToJunction,LightCondition,MannerOfCollision,FirstHarmfulEvent,VictimsInCrash,InMemphis,Jurisdiction,StateRoute_NAME,StateRoute_F_System,StateRoute_SPDLIMIT,StateRoute_LANES,StateRoute_ALTNAME_1,StateRoute_Council_District,DistToStateRoute_m,Jurisdiction_prev
301019868,2025-05-24,2025-05-24 20:50:00,2025,5,Saturday,20,35.10915,-89.98218,Suspected Serious Injury,Pedestrian,Not Intersection-On Roadway Not In Crosswalk,Unknown,Unknown,Not Collision with Motor Vehicle in Transport,Pedestrian,1,True,City of Memphis,,,,,,,244.9624647276389,City of Memphis
301023369,2025-06-14,2025-06-14 20:15:00,2025,6,Saturday,20,35.156425,-89.937675,Suspected Minor Injury,Pedestrian,Not Intersection-Outside Traffic,Intersection,Dark-Lighted,Not Collision with Motor Vehicle in Transport,Pedestrian,1,True,City of Memphis,,,,,,,783.3997837232295,City of Memphis
301002711,2025-02-21,2025-02-21 19:05:00,2025,2,Friday,19,35.035442,-90.02482,Possible Injury,Pedestrian,Intersection-On Roadway not in Crosswalk,AccelDecelLane,Dark-Lighted,Not Collision with Motor Vehicle in Transport,Pedestrian,1,True,City of Memphis,,,,,,,31.379590869481973,City of Memphis
301023153,2025-06-13,2025-06-13 00:00:00,2025,6,Friday,99,35.047493,-89.86682,Unknown,Other Non-Motorist,Unknown,Non-Junction,Unknown,Not Collision with Motor Vehicle in Transport,Other,1,True,City of Memphis,,,,,,,2814.996008341639,City of Memphis
301006264,2025-03-13,2025-03-13 17:26:00,2025,3,Thursday,17,35.053234,-89.88645,Suspected Serious Injury,Pedestrian,Not Intersection-On Roadway Not In Crosswalk,Non-Junction,Daylight,Not Collision with Motor Vehicle in Transport,Pedestrian,1,True,City of Memphis,,,,,,,3069.335399349241,City of Memphis
300996375,2025-01-14,2025-01-14 07:48:00,2025,1,Tuesday,7,35.157948,-89.97601,Suspected Minor Injury,Pedestrian,Not Intersection-On Roadway Crosswalk not Available,Non-Junction,Daylight,Not Collision with Motor Vehicle in Transport,Pedestrian,1,True,TDOT,JACKSON AVE,Principal Arterial,40.0,5.0,14,7.0,4.687374335869879,TDOT
300999401,2025-02-01,2025-02-01 14:30:00,2025,2,Saturday,14,35.099426,-89.93102,No Injury,Pedestrian,Intersection-In Crosswalk,Intersection,Daylight,Not Collision with Motor Vehicle in Transport,Pedestrian,1,True,City of Memphis,,,,,,,2101.938345230288,City of Memphis
300995628,2025-01-08,2025-01-08 16:00:00,2025,1,Wednesday,16,35.101006,-89.97865,Possible Injury,Pedestrian,Not Intersection-Outside Traffic,Unknown,Daylight,Angle,Other,2,True,TDOT,LAMAR AVE,Principal Arterial,40.0,5.0,4,4.0,8.266503627951279,TDOT
301005400,2025-03-08,2025-03-08 06:00:00,2025,3,Saturday,6,35.1603,-90.035835,No Injury,Pedestrian,Unknown,Non-Junction,Unknown,Not Collision with Motor Vehicle in Transport,Other,1,True,City of Memphis,,,,,,,32.16010309801051,City of Memphis
301020562,2025-05-29,2025-05-29 17:15:00,2025,5,Thursday,17,35.16884,-90.022896,Possible Injury,Pedestrian,Intersection-On Roadway not in Crosswalk,Intersection-Related,Daylight,Not Collision with Motor Vehicle in Transport,Pedestrian,1,True,City of Memphis,,,,,,,1207.1817760922995,City of Memphis
301022525,2025-06-09,2025-06-09 21:50:00,2025,6,Monday,21,35.14318,-90.0071,Suspected Minor Injury,Pedestrian,Not Intersection-On Roadway Not In Crosswalk,Non-Junction,Dark-Lighted,Not Collision with Motor Vehicle in Transport,Pedestrian,1,True,City of Memphis,,,,,,,796.8431547084072,City of Memphis
301000756,2025-02-01,2025-02-01 23:00:00,2025,2,Saturday,23,35.155174,-89.798775,No Injury,Other Non-Motorist,Not Intersection-Other Not On Roadway,Non-Junction,Dark-Not Lighted,Angle,Other,1,True,City of Memphis,,,,,,,309.5228034808231,City of Memphis
301031799,2025-08-03,2025-08-03 20:23:00,2025,8,Sunday,20,35.10679,-90.0648,Possible Injury,Pedestrian,Intersection-On Roadway not in Crosswalk,Non-Junction,Dark-Lighted,Not Collision with Motor Vehicle in Transport,Pedestrian,1,True,City of Memphis,,,,,,,860.1898217621866,City of Memphis
300997604,2025-01-21,2025-01-21 18:00:00,2025,1,Tuesday,18,35.020733,-89.952866,Possible Injury,Pedestrian,Intersection-On Roadway not in Crosswalk,AccelDecelLane,Dusk,Not Collision with Motor Vehicle in Transport,Pedestrian,1,True,TDOT,E SHELBY DR,Principal Arterial,45.0,7.0,175,3.0,5.667996070602774,TDOT
301005112,2025-03-06,2025-03-06 07:12:00,2025,3,Thursday,7,35.057228,-89.88584,Possible Injury,Pedestrian,Intersection-On Roadway not in Crosswalk,Intersection,Daylight,Not Collision with Motor Vehicle in Transport,Pedestrian,1,True,City of Memphis,,,,,,,2702.131056903673,City of Memphis
301026863,2025-07-01,2025-07-01 20:00:00,2025,7,Tuesday,20,35.107574,-89.92609,Possible Injury,Pedestrian,Intersection-In Crosswalk,Intersection-Related,Dark-Unknown Lighting,Not Collision with Motor Vehicle in Transport,Pedestrian,1,True,City of Memphis,,,,,,,1658.391758334683,City of Memphis
301020543,2025-05-29,2025-05-29 10:24:00,2025,5,Thursday,10,35.1361,-90.02693,Possible Injury,Pedestrian,Intersection-In Crosswalk,Non-Junction,Daylight,Not Collision with Motor Vehicle in Transport,Pedestrian,1,True,City of Memphis,,,,,,,146.49946000840856,City of Memphis
300994636,2025-01-01,2025-01-01 19:29:00,2025,1,Wednesday,19,35.20584,-89.913925,No Injury,Pedestrian,Not Intersection-Unknown,AccelDecelLane,Dark-Lighted,Angle,Other,1,True,TDOT,STAGE RD,Principal Arterial,45.0,6.0,15,1.0,5.017184341297664,TDOT
301004501,2025-03-02,2025-03-02 13:45:00,2025,3,Sunday,13,35.096012,-89.925415,Possible Injury,Pedestrian,Not Intersection-Unknown,Non-Junction,Daylight,Not Collision with Motor Vehicle in Transport,Other,1,True,City of Memphis,,,,,,,1804.7544188281945,City of Memphis
301002564,2025-02-20,2025-02-20 20:24:00,2025,2,Thursday,20,35.169334,-89.86542,Possible Injury,Pedestrian,Not Intersection-On Roadway Not In Crosswalk,Non-Junction,Dark-Lighted,Not Collision with Motor Vehicle in Transport,Pedestrian,1,True,City of Memphis,,,,,,,403.8179158707501,City of Memphis
301013587,2025-04-21,2025-04-21 18:35:00,2025,4,Monday,18,35.02621,-89.86514,Possible Injury,Pedestrian,Not Intersection-On Roadway Not In Crosswalk,Non-Junction,Daylight,Not Collision with Motor Vehicle in Transport,Pedestrian,1,True,City of Memphis,,,,,,,645.2750395972967,City of Memphis
301004951,2025-03-05,2025-03-05 11:02:00,2025,3,Wednesday,11,35.14255,-90.0511,No Injury,Pedestrian,Intersection-In Crosswalk,Intersection,Daylight,Not Collision with Motor Vehicle in Transport,Pedestrian,1,True,TDOT,S THIRD ST,Minor Arterial,35.0,3.0,14,6.0,1.1768683923196348,TDOT
301026657,2025-07-03,2025-07-03 21:00:00,2025,7,Thursday,21,35.109943,-90.05235,Possible Injury,Pedestrian,Not Intersection-On Roadway Not In Crosswalk,SharedUsePathOrTrail,Dark-Not Lighted,Not Collision with Motor Vehicle in Transport,Pedestrian,1,True,City of Memphis,,,,,,,267.59930591648646,City of Memphis
301016950,2025-05-08,2025-05-08 20:32:00,2025,5,Thursday,20,35.085995,-89.96237,Possible Injury,Pedestrian,Intersection-In Crosswalk,AccelDecelLane,Dark-Lighted,Not Collision with Motor Vehicle in Transport,Pedestrian,1,True,TDOT,LAMAR AVE,Principal Arterial,40.0,5.0,4,4.0,3.295591924564537,TDOT
301004076,2025-02-28,2025-02-28 14:30:00,2025,2,Friday,14,35.04577,-89.84503,Suspected Minor Injury,Pedestrian,Intersection-Not on Roadway,Intersection,Daylight,Not Collision with Motor Vehicle in Transport,Pedestrian,1,True,City of Memphis,,,,,,,1666.7954908536176,City of Memphis
301008169,2025-03-24,2025-03-24 14:00:00,2025,3,Monday,14,35.140484,-89.98288,Possible Injury,Pedestrian,Not Intersection-Unknown,Intersection-Related,Daylight,Not Collision with Motor Vehicle in Transport,Pedestrian,1,True,TDOT,E PARKWAY,Principal Arterial,40.0,3.0,277,5.0,3.423257971540267,TDOT
301001945,2025-02-16,2025-02-16 22:00:00,2025,2,Sunday,22,35.02026,-89.93568,Possible Injury,Pedestrian,Intersection-Not on Roadway,Intersection,Dark-Lighted,Other,Other,1,True,City of Memphis,,,,,,,46.22243932674409,City of Memphis
301018398,2025-05-17,2025-05-17 04:29:00,2025,5,Saturday,4,35.035267,-89.86451,No Injury,Pedestrian,Unknown,Through Roadway,Dark-Lighted,Not Collision with Motor Vehicle in Transport,Other,1,True,City of Memphis,,,,,,,1650.2717699107768,City of Memphis
300994761,2024-12-29,2024-12-29 05:35:00,2024,12,Sunday,5,35.153957,-90.03372,Unknown,Pedestrian,Intersection-Unknown,Intersection,Dark-Lighted,Not Collision with Motor Vehicle in Transport,Pedestrian,1,True,City of Memphis,,,,,,,175.67294201106694,City of Memphis
300999666,2025-02-03,2025-02-03 14:16:00,2025,2,Monday,14,35.154545,-89.9733,Suspected Serious Injury,Pedestrian,Not Intersection-On Roadway Not In Crosswalk,Non-Junction,Daylight,Not Collision with Motor Vehicle in Transport,Pedestrian,1,True,City of Memphis,,,,,,,383.6153243654806,City of Memphis
301016061,2025-05-05,2025-05-05 05:34:00,2025,5,Monday,5,35.148259,-90.043566,Fatal,Pedestrian,Intersection-In Crosswalk,Intersection-Related,Dark-Lighted,Not Collision with Motor Vehicle in Transport,Pedestrian,1,True,TDOT,N DANNY THOMAS BLVD,Principal Arterial,35.0,7.0,1,7.0,1.2539036563145365,TDOT
300922007,2023-11-05,2023-11-05 18:17:00,2023,11,Sunday,18,35.068485,-90.02571,Fatal,Pedestrian,Not Intersection-Other Not On Roadway,Entrance/Exit Ramp Related,Dark-Lighted,Front to Rear,Other,3,True,Interstate (TDOT),,,,,,,342.9517364506062,City of Memphis
300937038,2024-01-23,2024-01-23 21:42:00,2024,1,Tuesday,21,35.039467,-90.06915,Fatal,Pedestrian,Not Intersection-On Roadway Crosswalk not Available,Non-Junction,Dark-Lighted,Not Collision with Motor Vehicle in Transport,Pedestrian,1,True,TDOT,S THIRD ST,Principal Arterial,45.0,7.0,14,6.0,2.80090436493432,TDOT
300994606,2025-01-01,2025-01-01 21:06:00,2025,1,Wednesday,21,35.128716,-90.02108,Fatal,Pedestrian,Not Intersection-On Roadway Not In Crosswalk,OtherLocation,Dark-Lighted,Not Collision with Motor Vehicle in Transport,Pedestrian,1,True,TDOT,S BELLEVUE BLVD,Minor Arterial,35.0,4.0,3,6.0,0.1613578382113724,TDOT
300928875,2023-12-09,2023-12-09 21:16:00,2023,12,Saturday,21,35.099583,-89.95098,Fatal,Pedestrian,Intersection-Unknown,Intersection,Dark-Lighted,Not Collision with Motor Vehicle in Transport,Pedestrian,1,True,City of Memphis,,,,,,,1705.7954470329985,City of Memphis
300974213,2024-09-08,2024-09-08 02:18:00,2024,9,Sunday,2,35.163914,-89.86537,Suspected Serious Injury,Pedestrian,Not Intersection-On Roadway Crosswalk not Available,Non-Junction,Dark-Lighted,Other,Other,1,True,Interstate (TDOT),,,,,,,791.887373914125,City of Memphis
301007302,2025-03-19,2025-03-19 19:48:00,2025,3,Wednesday,19,35.148705,-89.9071,Fatal,Pedestrian,Not Intersection-On Roadway Not In Crosswalk,Non-Junction,Dark-Lighted,Not Collision with Motor Vehicle in Transport,Pedestrian,1,True,TDOT,SUMMER AVE,Principal Arterial,40.0,7.0,1,5.0,3.61495797610328,TDOT
300965374,2024-07-07,2024-07-07 04:59:00,2024,7,Sunday,4,35.053356,-89.98646,Fatal,Pedestrian,Not Intersection-On Roadway Not In Crosswalk,OtherLocation,Dark-Lighted,Not Collision with Motor Vehicle in Transport,Pedestrian,1,True,City of Memphis,,,,,,,3498.9526883156896,City of Memphis
300937420,2024-01-24,2024-01-24 20:06:00,2024,1,Wednesday,20,35.21127,-89.923004,Fatal,Pedestrian,Not Intersection-On Roadway Not In Crosswalk,Non-Junction,Dark-Not Lighted,Not Collision with Motor Vehicle in Transport,Pedestrian,1,True,City of Memphis,,,,,,,282.90627497459144,City of Memphis
301018662,2025-05-17,2025-05-17 20:00:00,2025,5,Saturday,20,35.106117,-89.98578,Fatal,Pedestrian,Intersection-On Roadway not in Crosswalk,Non-Junction,Dusk,Not Collision with Motor Vehicle in Transport,Pedestrian,1,True,City of Memphis,,,,,,,51.67962385585426,City of Memphis
300990919,2024-12-12,2024-12-12 18:50:00,2024,12,Thursday,18,35.061245,-89.866714,Fatal,Pedestrian,Not Intersection-On Roadway Not In Crosswalk,Non-Junction,Dark-Not Lighted,Not Collision with Motor Vehicle in Transport,Pedestrian,1,True,City of Memphis,,,,,,,1491.1960153088114,City of Memphis
300962531,2024-06-18,2024-06-18 20:43:00,2024,6,Tuesday,20,35.035297,-90.03157,Fatal,Pedestrian,Intersection-On Roadway not in Crosswalk,Non-Junction,Dark-Lighted,Not Collision with Motor Vehicle in Transport,Pedestrian,1,True,City of Memphis,,,,,,,584.4981240138469,City of Memphis
301003002,2025-02-20,2025-02-20 21:36:00,2025,2,Thursday,21,35.020798,-89.95201,Fatal,Pedestrian,Intersection-On Roadway not in Crosswalk,Non-Junction,Dark-Lighted,Not Collision with Motor Vehicle in Transport,Pedestrian,1,True,TDOT,E SHELBY DR,Principal Arterial,45.0,7.0,175,3.0,2.105047995907805,TDOT
300977561,2024-09-29,2024-09-29 00:48:00,2024,9,Sunday,0,35.135178,-90.000084,Fatal,Pedestrian,Intersection-On Roadway not in Crosswalk,Crossover-Related,Dark-Lighted,Not Collision with Motor Vehicle in Transport,Pedestrian,1,True,TDOT,UNION AVE,Principal Arterial,35.0,6.0,23,5.0,4.998838579127002,TDOT
300953626,2024-04-24,2024-04-24 23:05:00,2024,4,Wednesday,23,35.177692,-89.93764,Fatal,Pedestrian,Not Intersection-On Roadway Not In Crosswalk,Intersection,Dark-Lighted,Not Collision with Motor Vehicle in Transport,Pedestrian,1,True,TDOT,JACKSON AVE,Principal Arterial,40.0,6.0,14,7.0,2.8419500523864474,TDOT
300991307,2024-12-15,2024-12-15 12:09:00,2024,12,Sunday,12,35.199184,-89.97582,Fatal,Pedestrian,Not Intersection-Adjacent to Roadway,OtherLocation,Daylight,Not Collision with Motor Vehicle in Transport,Pedestrian,1,True,City of Memphis,,,,,,,4199.932091959985,City of Memphis
300987969,2024-11-26,2024-11-26 23:19:00,2024,11,Tuesday,23,35.223107,-89.940349,Fatal,Pedestrian,Not Intersection-On Roadway Crosswalk not Available,Non-Junction,Dark-Lighted,"Sideswipe, Same Direction",Other,1,True,City of Memphis,,,,,,,2336.389438679865,City of Memphis
300999297,2025-01-31,2025-01-31 19:34:00,2025,1,Friday,19,35.06502,-90.02272,Fatal,Pedestrian,Not Intersection-On Roadway Not In Crosswalk,Intersection,Dark-Lighted,Not Collision with Motor Vehicle in Transport,Pedestrian,1,True,TDOT,ELVIS PRESLEY BLVD,,40.0,4.0,3,6.0,1.2059757676216072,TDOT
301001337,2025-02-12,2025-02-12 19:21:00,2025,2,Wednesday,19,35.021038,-89.98985,Fatal,Pedestrian,Not Intersection-On Roadway Not In Crosswalk,AccelDecelLane,Dark-Lighted,Not Collision with Motor Vehicle in Transport,Pedestrian,1,True,TDOT,E SHELBY DR,Principal Arterial,40.0,7.0,175,3.0,5.414436759214449,TDOT
300872985,2023-03-12,2023-03-12 22:50:00,2023,3,Sunday,22,35.173855,-89.97571,Fatal,Pedestrian,Not Intersection-On Roadway Crosswalk not Available,Non-Junction,Dark-Lighted,Not Collision with Motor Vehicle in Transport,Pedestrian,1,True,City of Memphis,,,,,,,1759.779508826408,City of Memphis
300928926,2023-12-10,2023-12-10 05:09:00,2023,12,Sunday,5,35.143723,-89.87304,Fatal,Pedestrian,Not Intersection-On Roadway Crosswalk not Available,Non-Junction,Dark-Lighted,Not Collision with Motor Vehicle in Transport,Pedestrian,1,True,Interstate (TDOT),,,,,,,1399.4359878127718,City of Memphis
300895366,2023-06-26,2023-06-26 22:01:00,2023,6,Monday,22,35.08891,-90.02559,Fatal,Pedestrian,Not Intersection-On Roadway Crosswalk not Available,Non-Junction,Dark-Lighted,Not Collision with Motor Vehicle in Transport,Pedestrian,1,True,Interstate (TDOT),,,,,,,664.4931546113042,City of Memphis
300970306,2024-08-12,2024-08-12 23:05:00,2024,8,Monday,23,35.13782,-90.02203,Fatal,Pedestrian,Intersection-On Roadway Crosswalk Not Available,Intersection,Dark-Not Lighted,Not Collision with Motor Vehicle in Transport,Pedestrian,1,True,City of Memphis,,,,,,,44.131321301088406,City of Memphis
301000444,2025-02-08,2025-02-08 18:30:00,2025,2,Saturday,18,35.146454,-89.96133,Fatal,Pedestrian,Not Intersection-On Roadway Not In Crosswalk,Non-Junction,Dark-Lighted,Not Collision with Motor Vehicle in Transport,Pedestrian,1,True,City of Memphis,,,,,,,343.1509525433625,City of Memphis
300961034,2024-06-08,2024-06-08 03:16:00,2024,6,Saturday,3,35.101815,-89.87006,Fatal,Pedestrian,Not Intersection-On Roadway Crosswalk not Available,Entrance/Exit Ramp Related,Dark-Lighted,Not Collision with Motor Vehicle in Transport,Pedestrian,1,True,TDOT,POPLAR AVE,Principal Arterial,40.0,3.0,57,2.0,4.5621434513393,TDOT
301013612,2025-04-21,2025-04-21 21:06:00,2025,4,Monday,21,35.199146,-89.839071,Fatal,Pedestrian,Not Intersection-On Roadway Not In Crosswalk,Non-Junction,Dark-Lighted,Not Collision with Motor Vehicle in Transport,Pedestrian,1,True,City of Memphis,,,,,,,855.9234436569876,City of Memphis
301034170,2025-08-16,2025-08-16 16:34:00,2025,8,Saturday,16,35.10771,-89.97426,Possible Injury,Pedestrian,Not Intersection-On Roadway Crosswalk Availability Unknown,Non-Junction,Daylight,Not Collision with Motor Vehicle in Transport,Pedestrian,1,True,City of Memphis,,,,,,,834.2861085889125,City of Memphis
301033024,2025-08-09,2025-08-09 21:00:00,2025,8,Saturday,21,35.15796,-89.97498,Suspected Serious Injury,Pedestrian,Not Intersection-On Roadway Not In Crosswalk,Non-Junction,Dark-Lighted,Not Collision with Motor Vehicle in Transport,Pedestrian,1,True,TDOT,JACKSON AVE,Principal Arterial,40.0,5.0,14,7.0,4.556386682390712,TDOT
301038704,2025-09-10,2025-09-10 23:51:00,2025,9,Wednesday,23,35.020397,-89.84869,Suspected Serious Injury,Pedestrian,Intersection-On Roadway not in Crosswalk,Non-Junction,Dark-Not Lighted,Not Collision with Motor Vehicle in Transport,Pedestrian,1,True,TDOT,E SHELBY DR,Principal Arterial,45.0,7.0,175,3.0,4.9124240455408605,TDOT
301037335,2025-09-03,2025-09-03 14:15:00,2025,9,Wednesday,14,35.098927,-89.97895,Possible Injury,Pedestrian,Intersection-Unknown,Non-Junction,Daylight,Not Collision with Motor Vehicle in Transport,Pedestrian,1,True,City of Memphis,,,,,,,218.13090192959743,City of Memphis
301037336,2025-09-02,2025-09-02 13:00:00,2025,9,Tuesday,13,35.086872,-89.96323,Possible Injury,Pedestrian,Not Intersection-On Roadway Not In Crosswalk,Non-Junction,Daylight,Not Collision with Motor Vehicle in Transport,Pedestrian,1,True,TDOT,LAMAR AVE,Principal Arterial,40.0,5.0,4,4.0,2.7246839991564222,TDOT
301037654,2025-09-04,2025-09-04 15:30:00,2025,9,Thursday,15,35.21724,-89.99357,Possible Injury,Pedestrian,Intersection-On Roadway not in Crosswalk,Intersection,Daylight,Not Collision with Motor Vehicle in Transport,Pedestrian,2,True,City of Memphis,,,,,,,2736.384943578714,City of Memphis
301036535,2025-08-28,2025-08-28 19:50:00,2025,8,Thursday,19,35.162021,-89.917347,Suspected Minor Injury,Pedestrian,Intersection-On Roadway not in Crosswalk,Intersection-Related,Dark-Lighted,Not Collision with Motor Vehicle in Transport,Pedestrian,1,True,City of Memphis,,,,,,,1449.3916515844696,City of Memphis
301036539,2025-08-29,2025-08-29 14:28:00,2025,8,Friday,14,35.035427,-90.00755,Suspected Serious Injury,Pedestrian,Intersection-In Crosswalk,Intersection,Daylight,Not Collision with Motor Vehicle in Transport,Pedestrian,1,True,City of Memphis,,,,,,,1593.140564687339,City of Memphis
301033599,2025-08-12,2025-08-12 10:10:00,2025,8,Tuesday,10,35.345062,-89.90613,Possible Injury,Pedestrian,Intersection-In Crosswalk,Intersection,Daylight,Not Collision with Motor Vehicle in Transport,Pedestrian,1,False,Suburban-Shelby,,,,,,,,Suburban-Shelby
301036020,2025-08-26,2025-08-26 23:41:00,2025,8,Tuesday,23,35.086807,-89.93405,Suspected Serious Injury,Pedestrian,Not Intersection-On Roadway Not In Crosswalk,Intersection-Related,Dark-Lighted,Not Collision with Motor Vehicle in Transport,Pedestrian,1,True,City of Memphis,,,,,,,745.1111497400693,City of Memphis
301038526,2025-09-09,2025-09-09 23:18:00,2025,9,Tuesday,23,35.217155,-89.98451,Possible Injury,Pedestrian,Not Intersection-On Roadway Not In Crosswalk,AccelDecelLane,Dark-Lighted,Not Collision with Motor Vehicle in Transport,Pedestrian,1,True,City of Memphis,,,,,,,3417.3505138891437,City of Memphis
301039213,2025-09-13,2025-09-13 23:26:00,2025,9,Saturday,23,35.064995,-89.90531,Possible Injury,Pedestrian,Not Intersection-On Roadway Crosswalk not Available,Non-Junction,Dark-Lighted,Not Collision with Motor Vehicle in Transport,Pedestrian,1,True,City of Memphis,,,,,,,2375.833196663286,City of Memphis
301036285,2025-08-27,2025-08-27 22:00:00,2025,8,Wednesday,22,35.16249,-90.01069,Possible Injury,Pedestrian,Intersection-On Roadway Crosswalk Not Available,Intersection,Dark-Lighted,Not Collision with Motor Vehicle in Transport,Pedestrian,1,True,City of Memphis,,,,,,,443.9044897546156,City of Memphis
301035802,2025-08-25,2025-08-25 21:01:00,2025,8,Monday,21,35.14348,-90.01052,Suspected Serious Injury,Pedestrian,Intersection-In Crosswalk,Intersection,Dark-Lighted,Not Collision with Motor Vehicle in Transport,Pedestrian,1,True,City of Memphis,,,,,,,794.2746198935029,City of Memphis
301036720,2025-08-31,2025-08-31 00:00:00,2025,8,Sunday,99,35.139866,-90.04583,Suspected Serious Injury,Pedestrian,Intersection-Unknown,Intersection,Dark-Not Lighted,Not Collision with Motor Vehicle in Transport,Pedestrian,1,True,TDOT,S DANNY THOMAS BLVD,Principal Arterial,35.0,2.0,1,6.0,0.7470468603706052,TDOT
301007975,2025-03-23,2025-03-23 14:00:00,2025,3,Sunday,14,35.19155,-89.97579,Fatal,Pedestrian,Not Intersection-On Roadway Not In Crosswalk,Non-Junction,Daylight,Not Collision with Motor Vehicle in Transport,Pedestrian,1,True,City of Memphis,,,,,,,3583.217511224372,City of Memphis
300971008,2024-08-17,2024-08-17 22:03:00,2024,8,Saturday,22,35.091835,-89.908585,Suspected Serious Injury,Pedestrian,Intersection-On Roadway not in Crosswalk,Non-Junction,Dark-Lighted,Not Collision with Motor Vehicle in Transport,Pedestrian,1,True,City of Memphis,,,,,,,2424.680035265461,City of Memphis
301035593,2025-08-24,2025-08-24 14:50:00,2025,8,Sunday,14,35.069164,-89.93214,Suspected Minor Injury,Pedestrian,Intersection-Not on Roadway,AccelDecelLane,Daylight,Not Collision with Motor Vehicle in Transport,Pedestrian,1,True,TDOT,GETWELL RD,Principal Arterial,40.0,7.0,176,4.0,0.4551115591914976,TDOT
301039474,2025-09-14,2025-09-14 19:34:00,2025,9,Sunday,19,35.066723,-89.843605,Suspected Serious Injury,Pedestrian,Not Intersection-Unknown,Non-Junction,Dark-Lighted,Unknown,Other,1,True,TDOT,STATE ROUTE 385,Freeway and Expressway,65.0,3.0,NONCONNAH PKWY,2.0,3.9915840701661462,TDOT
301039253,2025-09-14,2025-09-14 08:28:00,2025,9,Sunday,8,35.128185,-90.02065,Possible Injury,Pedestrian,Not Intersection-Outside Traffic,Non-Junction,Daylight,Not Collision with Motor Vehicle in Transport,Pedestrian,1,True,City of Memphis,,,,,,,30.72740597491522,City of Memphis
301035241,2025-08-22,2025-08-22 10:38:00,2025,8,Friday,10,35.107265,-90.03995,Suspected Serious Injury,Pedestrian,Not Intersection-On Roadway Not In Crosswalk,Intersection-Related,Daylight,Not Collision with Motor Vehicle in Transport,Pedestrian,1,True,City of Memphis,,,,,,,1402.9217691469592,City of Memphis
301035434,2025-08-23,2025-08-23 18:20:00,2025,8,Saturday,18,35.11944,-89.90809,Possible Injury,Pedestrian,Intersection-In Crosswalk,Intersection,Daylight,Not Collision with Motor Vehicle in Transport,Pedestrian,1,True,City of Memphis,,,,,,,265.64002222101726,City of Memphis
301037973,2025-09-06,2025-09-06 19:54:00,2025,9,Saturday,19,35.03558,-90.007515,Suspected Serious Injury,Pedestrian,Intersection-In Crosswalk,Intersection,Dark-Lighted,Not Collision with Motor Vehicle in Transport,Pedestrian,1,True,City of Memphis,,,,,,,1610.1150033909348,City of Memphis
300980509,2024-10-17,2024-10-17 09:43:00,2024,10,Thursday,9,35.114505,-89.902893,Fatal,Pedestrian,Intersection-In Crosswalk,Intersection,Daylight,Not Collision with Motor Vehicle in Transport,Pedestrian,1,True,City of Memphis,,,,,,,33.410561024392,City of Memphis
301038869,2025-09-12,2025-09-12 00:22:00,2025,9,Friday,0,35.20825,-90.00381,Possible Injury,Pedestrian,Not Intersection-On Roadway Not In Crosswalk,Non-Junction,Dark-Lighted,Not Collision with Motor Vehicle in Transport,Pedestrian,1,True,City of Memphis,,,,,,,2539.4347316631174,City of Memphis
301038388,2025-09-08,2025-09-08 11:45:00,2025,9,Monday,11,35.106586,-89.89542,Possible Injury,Pedestrian,Intersection-In Crosswalk,Intersection-Related,Daylight,Not Collision with Motor Vehicle in Transport,Pedestrian,1,True,City of Memphis,,,,,,,589.6945051054196,City of Memphis
301039120,2025-09-12,2025-09-12 23:15:00,2025,9,Friday,23,35.071957,-90.058495,Possible Injury,Pedestrian,Not Intersection-Unknown,AccelDecelLane,Dark-Not Lighted,Not Collision with Motor Vehicle in Transport,Pedestrian,1,True,TDOT,S THIRD ST,Principal Arterial,45.0,7.0,14,6.0,18.03874339822164,TDOT
301037797,2025-09-05,2025-09-05 15:25:00,2025,9,Friday,15,35.199127,-89.9446,Possible Injury,Pedestrian,Intersection-In Crosswalk,Intersection,Daylight,Not Collision with Motor Vehicle in Transport,Pedestrian,1,True,City of Memphis,,,,,,,1779.5691499464094,City of Memphis
301037388,2025-09-03,2025-09-03 15:35:00,2025,9,Wednesday,15,35.2081,-89.97567,Possible Injury,Pedestrian,Intersection-In Crosswalk,Intersection,Daylight,Not Collision with Motor Vehicle in Transport,Pedestrian,1,True,City of Memphis,,,,,,,4653.263031544863,City of Memphis
300996345,2025-01-14,2025-01-14 01:05:00,2025,1,Tuesday,1,35.123558,-89.86841,Suspected Serious Injury,Pedestrian,Not Intersection-On Roadway Crosswalk not Available,Non-Junction,Dark-Lighted,Front to Rear,Other,2,True,Interstate (TDOT),,,,,,,826.4338425234538,City of Memphis
301035290,2025-08-18,2025-08-18 14:32:00,2025,8,Monday,14,35.148895,-90.04847,Unknown,Other Non-Motorist,Intersection-Unknown,OtherLocation,Daylight,Not Collision with Motor Vehicle in Transport,Other,1,True,TDOT,N THIRD ST,Minor Arterial,35.0,3.0,3,6.0,9.44811739005819,TDOT
301035667,2025-08-25,2025-08-25 07:35:00,2025,8,Monday,7,35.08577,-89.9109,Possible Injury,Pedestrian,Intersection-On Roadway Crosswalk Not Available,Intersection,Daylight,Not Collision with Motor Vehicle in Transport,Pedestrian,2,True,City of Memphis,,,,,,,1951.0915136021013,City of Memphis