MstrRecNbrTxt,CollisionDate,CollisionDteTime,YearNmb,Month,DayOfWeek,Hour,Latitude,Longitude,InjuryClass,PersonType,NonMotoristLocation,RelationToJunction,LightCondition,MannerOfCollision,FirstHarmfulEvent,VictimsInCrash,InMemphis,Jurisdiction,StateRoute_NAME,StateRoute_F_System,StateRoute_SPDLIMIT,StateRoute_LANES,StateRoute_ALTNAME_1,StateRoute_Council_District,DistToStateRoute_m,Jurisdiction_prev
300955061,2024-05-02,2024-05-02 20:25:00,2024,5,Thursday,20,35.148599,-89.897898,Fatal,Pedestrian,Intersection-In Crosswalk,Unknown,Dark-Lighted,Not Collision with Motor Vehicle in Transport,Pedestrian,1,True,TDOT,SUMMER AVE,Principal Arterial,40.0,7.0,1,5.0,4.80461829094448,TDOT
300957664,2024-05-17,2024-05-17 20:53:00,2024,5,Friday,20,35.1073,-90.04194,Fatal,Pedestrian,Intersection-On Roadway not in Crosswalk,Non-Junction,Dark-Lighted,Not Collision with Motor Vehicle in Transport,Pedestrian,1,True,City of Memphis,,,,,,,1221.454765361525,City of Memphis
300957030,2024-05-14,2024-05-14 07:55:00,2024,5,Tuesday,7,35.213177,-90.012955,Possible Injury,Pedestrian,Intersection-In Crosswalk,Intersection,Daylight,Not Collision with Motor Vehicle in Transport,Pedestrian,1,True,City of Memphis,,,,,,,1543.866691040328,City of Memphis
300958098,2024-05-20,2024-05-20 17:30:00,2024,5,Monday,17,35.04586,-89.85497,Possible Injury,Pedestrian,Not Intersection-Unknown,Intersection-Related,Daylight,Not Collision with Motor Vehicle in Transport,Pedestrian,1,True,City of Memphis,,,,,,,2304.713922245674,City of Memphis
300954829,2024-04-28,2024-04-28 16:00:00,2024,4,Sunday,16,35.134922,-90.046394,Possible Injury,Pedestrian,Intersection-On Roadway Crosswalk Not Available,Intersection-Related,Daylight,Not Collision with Motor Vehicle in Transport,Pedestrian,1,True,TDOT,S DANNY THOMAS BLVD,Principal Arterial,35.0,5.0,1,6.0,1.4988341878992195,TDOT
300955766,2024-05-06,2024-05-06 17:00:00,2024,5,Monday,17,35.042038,-90.089806,Suspected Serious Injury,Pedestrian,Not Intersection-On Roadway Not In Crosswalk,AccelDecelLane,Dawn,Not Collision with Motor Vehicle in Transport,Pedestrian,1,True,City of Memphis,,,,,,,1633.8908045094247,City of Memphis
300954341,2024-04-29,2024-04-29 04:55:00,2024,4,Monday,4,35.10512,-89.98553,Possible Injury,Pedestrian,Intersection-On Roadway not in Crosswalk,Intersection,Dark-Lighted,Not Collision with Motor Vehicle in Transport,Pedestrian,1,True,TDOT,LAMAR AVE,Principal Arterial,40.0,5.0,4,4.0,15.089938287975498,TDOT
300955520,2024-05-04,2024-05-04 15:10:00,2024,5,Saturday,15,35.14082,-89.96703,Possible Injury,Pedestrian,Intersection-On Roadway Crosswalk availability Unknown,Intersection-Related,Daylight,Not Collision with Motor Vehicle in Transport,Pedestrian,1,True,City of Memphis,,,,,,,526.3560153711924,City of Memphis
300953972,2024-04-26,2024-04-26 07:00:00,2024,4,Friday,7,35.02524,-90.050224,No Injury,Other Non-Motorist,Unknown,AccelDecelLane,Dawn,Angle,Other,1,True,City of Memphis,,,,,,,485.9309917012574,City of Memphis
300926954,2023-12-01,2023-12-01 00:59:00,2023,12,Friday,0,35.07478,-89.94915,Fatal,Pedestrian,Not Intersection-On Roadway Not In Crosswalk,Non-Junction,Dark-Lighted,Not Collision with Motor Vehicle in Transport,Pedestrian,1,True,TDOT,LAMAR AVE,Principal Arterial,40.0,7.0,4,4.0,4.511932423955179,TDOT
300957781,2024-05-18,2024-05-18 21:20:00,2024,5,Saturday,21,35.083344,-89.98604,Suspected Minor Injury,Pedestrian,Not Intersection-On Roadway Not In Crosswalk,Non-Junction,Dusk,Not Collision with Motor Vehicle in Transport,Pedestrian,1,True,City of Memphis,,,,,,,1939.686557942605,City of Memphis
300956441,2024-05-10,2024-05-10 20:56:00,2024,5,Friday,20,35.235962,-90.01259,Suspected Minor Injury,Pedestrian,Intersection-Unknown,Intersection,Dark-Lighted,Not Collision with Motor Vehicle in Transport,Pedestrian,1,True,City of Memphis,,,,,,,123.81001676000058,City of Memphis
300954656,2024-04-29,2024-04-29 15:35:00,2024,4,Monday,15,35.06289,-89.91092,Suspected Minor Injury,Pedestrian,Not Intersection-On Roadway Not In Crosswalk,Non-Junction,Daylight,Not Collision with Motor Vehicle in Transport,Pedestrian,1,True,City of Memphis,,,,,,,1838.9776250553025,City of Memphis
300954671,2024-04-27,2024-04-27 22:07:00,2024,4,Saturday,22,35.152966,-89.771385,Possible Injury,Pedestrian,Intersection-On Roadway Crosswalk availability Unknown,Non-Junction,Dark-Not Lighted,Not Collision with Motor Vehicle in Transport,Pedestrian,1,True,City of Memphis,,,,,,,2176.099698791005,City of Memphis
300953997,2024-04-26,2024-04-26 22:30:00,2024,4,Friday,22,35.149506,-89.961494,Suspected Minor Injury,Pedestrian,Not Intersection-On Roadway Not In Crosswalk,Intersection-Related,Dark-Lighted,Not Collision with Motor Vehicle in Transport,Pedestrian,1,True,TDOT,SUMMER AVE,Principal Arterial,35.0,5.0,1,5.0,4.823484615823421,TDOT
300955583,2024-05-05,2024-05-05 21:48:00,2024,5,Sunday,21,35.03552,-90.02223,Suspected Serious Injury,Pedestrian,Not Intersection-On Roadway Not In Crosswalk,Intersection-Related,Dark-Lighted,Not Collision with Motor Vehicle in Transport,Pedestrian,1,True,City of Memphis,,,,,,,267.6820455761615,City of Memphis
300955154,2024-05-03,2024-05-03 08:35:00,2024,5,Friday,8,35.13798,-90.02818,Suspected Minor Injury,Pedestrian,Intersection-In Crosswalk,Intersection,Daylight,Not Collision with Motor Vehicle in Transport,Pedestrian,1,True,TDOT,UNION AVE,Principal Arterial,35.0,6.0,3,6.0,5.134409230420109,TDOT
300924427,2023-11-17,2023-11-17 23:39:00,2023,11,Friday,23,35.12588,-89.981995,Fatal,Pedestrian,Not Intersection-On Roadway Not In Crosswalk,Non-Junction,Dark-Lighted,Not Collision with Motor Vehicle in Transport,Pedestrian,1,True,City of Memphis,,,,,,,184.23470121922983,City of Memphis
300956484,2024-05-11,2024-05-11 06:00:00,2024,5,Saturday,6,35.104614,-89.98456,Possible Injury,Pedestrian,Intersection-On Roadway not in Crosswalk,Intersection,Unknown,Front to Rear,Other,1,True,TDOT,LAMAR AVE,Principal Arterial,40.0,5.0,4,4.0,3.974019845323529,TDOT
300956968,2024-05-12,2024-05-12 00:50:00,2024,5,Sunday,0,35.107162,-90.037094,Unknown,Pedestrian,Intersection-On Roadway not in Crosswalk,Intersection,Dark-Not Lighted,Not Collision with Motor Vehicle in Transport,Pedestrian,1,True,City of Memphis,,,,,,,1425.9284534541823,City of Memphis
300955621,2024-05-03,2024-05-03 13:19:00,2024,5,Friday,13,35.21783,-90.00306,Possible Injury,Pedestrian,Not Intersection-On Roadway Not In Crosswalk,Intersection,Daylight,Not Collision with Motor Vehicle in Transport,Pedestrian,1,True,City of Memphis,,,,,,,1992.4260594492916,City of Memphis
300954963,2024-05-01,2024-05-01 15:27:00,2024,5,Wednesday,15,35.02061,-89.91999,Possible Injury,Pedestrian,Not Intersection-On Roadway Not In Crosswalk,AccelDecelLane,Daylight,Not Collision with Motor Vehicle in Transport,Pedestrian,1,True,TDOT,E SHELBY DR,Principal Arterial,45.0,6.0,175,3.0,4.840574606196897,TDOT
300954281,2024-04-27,2024-04-27 14:40:00,2024,4,Saturday,14,35.114773,-89.94623,Possible Injury,Pedestrian,Intersection-Not on Roadway,"Driveway, Alley Access, etc",Daylight,Not Collision with Motor Vehicle in Transport,Pedestrian,1,True,City of Memphis,,,,,,,1425.9680294149025,City of Memphis
300956511,2024-05-09,2024-05-09 15:30:00,2024,5,Thursday,15,35.223324,-89.99916,Suspected Serious Injury,Pedestrian,Intersection-On Roadway Crosswalk Not Available,Intersection,Daylight,Not Collision with Motor Vehicle in Transport,Pedestrian,1,True,City of Memphis,,,,,,,1932.4435508457923,City of Memphis
300952851,2024-04-19,2024-04-19 16:58:00,2024,4,Friday,16,35.071568,-90.02111,Suspected Serious Injury,Pedestrian,Not Intersection-On Roadway Crosswalk not Available,AccelDecelLane,Daylight,Front to Rear,Other,1,True,Interstate (TDOT),ELVIS PRESLEY BLVD,Minor Arterial,40.0,4.0,3,6.0,0.7383499099235674,TDOT
300954290,2024-04-27,2024-04-27 21:59:00,2024,4,Saturday,21,35.13394,-89.96567,Suspected Serious Injury,Pedestrian,Not Intersection-On Roadway Not In Crosswalk,Non-Junction,Dark-Not Lighted,Not Collision with Motor Vehicle in Transport,Pedestrian,1,True,City of Memphis,,,,,,,36.63150608734096,City of Memphis
300956769,2024-05-10,2024-05-10 21:00:00,2024,5,Friday,21,35.05136,-89.92251,Suspected Serious Injury,Pedestrian,Not Intersection-Outside Traffic,Non-Junction,Dark-Lighted,Not Collision with Motor Vehicle in Transport,Pedestrian,1,True,City of Memphis,,,,,,,201.39949409503492,City of Memphis
300955323,2024-05-03,2024-05-03 15:05:00,2024,5,Friday,15,35.133532,-89.98368,Suspected Serious Injury,Pedestrian,Intersection-Not on Roadway,Intersection,Daylight,Angle,Other,1,True,TDOT,E PARKWAY,Principal Arterial,40.0,2.0,277,5.0,0.1301450039142676,TDOT
300958018,2024-05-15,2024-05-15 09:30:00,2024,5,Wednesday,9,35.114944,-89.95088,Possible Injury,Pedestrian,Not Intersection-On Roadway Crosswalk not Available,Intersection-Related,Daylight,Not Collision with Motor Vehicle in Transport,Pedestrian,1,True,City of Memphis,,,,,,,1516.0832285083518,City of Memphis
300955668,2024-05-06,2024-05-06 09:35:00,2024,5,Monday,9,35.01023,-90.01936,No Injury,Pedestrian,Not Intersection-Outside Traffic,Intersection-Related,Daylight,Not Collision with Motor Vehicle in Transport,Other,1,True,City of Memphis,,,,,,,538.2925794944812,City of Memphis
300956564,2024-05-02,2024-05-02 21:22:00,2024,5,Thursday,21,35.1782,-89.837234,Unknown,Pedestrian,Intersection-On Roadway not in Crosswalk,Non-Junction,Dark-Lighted,Not Collision with Motor Vehicle in Transport,Pedestrian,1,True,City of Memphis,,,,,,,1744.2924317511165,City of Memphis
300906713,2023-08-22,2023-08-22 20:15:00,2023,8,Tuesday,20,35.098297,-89.89055,Fatal,Pedestrian,Not Intersection-On Roadway Not In Crosswalk,AccelDecelLane,Dark-Lighted,Not Collision with Motor Vehicle in Transport,Pedestrian,1,True,City of Memphis,,,,,,,1159.430014835599,City of Memphis
300875911,2023-03-26,2023-03-26 19:35:00,2023,3,Sunday,19,35.063107,-90.059204,Fatal,Pedestrian,Intersection-In Crosswalk,Non-Junction,Dawn,Not Collision with Motor Vehicle in Transport,Pedestrian,1,True,TDOT,S THIRD ST,Principal Arterial,45.0,7.0,14,6.0,0.1552848247583411,TDOT
300910243,2023-09-11,2023-09-11 02:40:00,2023,9,Monday,2,35.119736,-89.984856,Fatal,Pedestrian,Not Intersection-On Roadway Not In Crosswalk,Non-Junction,Dark-Lighted,Not Collision with Motor Vehicle in Transport,Pedestrian,1,True,City of Memphis,,,,,,,44.28515538745172,City of Memphis
300959059,2024-05-27,2024-05-27 00:38:00,2024,5,Monday,0,35.051174,-90.09771,Suspected Serious Injury,Pedestrian,Intersection-Unknown,Unknown,Dark-Lighted,Not Collision with Motor Vehicle in Transport,Pedestrian,1,True,City of Memphis,,,,,,,2834.627703600543,City of Memphis
300960414,2024-05-31,2024-05-31 23:51:00,2024,5,Friday,23,35.107456,-89.89846,Suspected Minor Injury,Pedestrian,Not Intersection-On Roadway Not In Crosswalk,Non-Junction,Dark-Not Lighted,Not Collision with Motor Vehicle in Transport,Pedestrian,1,True,City of Memphis,,,,,,,658.0154899297797,City of Memphis
300961356,2024-06-11,2024-06-11 05:30:00,2024,6,Tuesday,5,35.15495,-90.028694,Possible Injury,Pedestrian,Not Intersection-Bike Path,AccelDecelLane,Dark-Lighted,Not Collision with Motor Vehicle in Transport,Pedestrian,1,True,TDOT,N PARKWAY,Minor Arterial,40.0,2.0,1,7.0,4.90503013449664,TDOT
300959674,2024-05-30,2024-05-30 03:18:00,2024,5,Thursday,3,35.172657,-89.95262,Possible Injury,Pedestrian,Not Intersection-On Roadway Crosswalk not Available,Non-Junction,Dark-Lighted,Not Collision with Motor Vehicle in Transport,Pedestrian,1,True,City of Memphis,,,,,,,613.0519607126765,City of Memphis
300959847,2024-06-01,2024-06-01 07:00:00,2024,6,Saturday,7,35.106342,-89.95163,Suspected Serious Injury,Pedestrian,Intersection-On Roadway not in Crosswalk,Unknown,Daylight,Not Collision with Motor Vehicle in Transport,Pedestrian,1,True,City of Memphis,,,,,,,2099.427588907525,City of Memphis
300962352,2024-06-16,2024-06-16 16:16:00,2024,6,Sunday,16,35.156406,-89.953255,Possible Injury,Pedestrian,Intersection-On Roadway Crosswalk availability Unknown,Intersection,Daylight,Not Collision with Motor Vehicle in Transport,Pedestrian,1,True,City of Memphis,,,,,,,730.3580899259008,City of Memphis
300960434,2024-06-04,2024-06-04 14:25:00,2024,6,Tuesday,14,35.13334,-89.98965,No Injury,Pedestrian,Intersection-On Roadway Crosswalk Not Available,Intersection,Daylight,Not Collision with Motor Vehicle in Transport,Pedestrian,1,True,City of Memphis,,,,,,,87.40827555836813,City of Memphis
300959247,2024-05-26,2024-05-26 21:20:00,2024,5,Sunday,21,35.148144,-90.050983,Possible Injury,Pedestrian,Not Intersection-On Roadway Not In Crosswalk,Intersection-Related,Dark-Lighted,Not Collision with Motor Vehicle in Transport,Pedestrian,1,True,City of Memphis,,,,,,,62.580788932572,City of Memphis
300962171,2024-06-15,2024-06-15 21:46:00,2024,6,Saturday,21,35.107765,-90.06345,Suspected Serious Injury,Pedestrian,Not Intersection-On Roadway Not In Crosswalk,AccelDecelLane,Dark-Lighted,Not Collision with Motor Vehicle in Transport,Pedestrian,1,True,City of Memphis,,,,,,,740.3069024237459,City of Memphis
300961398,2024-06-11,2024-06-11 13:50:00,2024,6,Tuesday,13,35.21275,-90.012535,Possible Injury,Pedestrian,Intersection-In Crosswalk,Unknown,Daylight,Not Collision with Motor Vehicle in Transport,Pedestrian,1,True,City of Memphis,,,,,,,1602.399231549988,City of Memphis
300959487,2024-05-29,2024-05-29 22:00:00,2024,5,Wednesday,22,35.08057,-89.88847,Suspected Serious Injury,Pedestrian,Not Intersection-Bike Path,Non-Junction,Dark-Lighted,Not Collision with Motor Vehicle in Transport,Pedestrian,2,True,City of Memphis,,,,,,,1089.0296391084178,City of Memphis
300960889,2024-06-07,2024-06-07 16:20:00,2024,6,Friday,16,35.181087,-89.97614,Suspected Minor Injury,Pedestrian,Intersection-Not on Roadway,Intersection,Daylight,Angle,Other,1,True,City of Memphis,,,,,,,2559.738266077607,City of Memphis
300958774,2024-05-24,2024-05-24 20:50:00,2024,5,Friday,20,35.1446,-89.93755,Possible Injury,Pedestrian,Intersection-On Roadway Crosswalk Not Available,Intersection,Dark-Lighted,Not Collision with Motor Vehicle in Transport,Pedestrian,1,True,City of Memphis,,,,,,,527.7970797522139,City of Memphis
300954285,2024-04-28,2024-04-28 15:09:00,2024,4,Sunday,15,35.21088,-89.9227,Fatal,Pedestrian,Not Intersection-On Roadway Not In Crosswalk,AccelDecelLane,Daylight,Not Collision with Motor Vehicle in Transport,Pedestrian,1,True,City of Memphis,,,,,,,233.59392292542069,City of Memphis
300958778,2024-05-24,2024-05-24 11:00:00,2024,5,Friday,11,35.10532,-89.98565,Possible Injury,Pedestrian,Intersection-In Crosswalk,Intersection,Daylight,Not Collision with Motor Vehicle in Transport,Pedestrian,1,True,TDOT,LAMAR AVE,Principal Arterial,40.0,5.0,4,4.0,4.254219725255098,TDOT
300893540,2023-06-16,2023-06-16 22:00:00,2023,6,Friday,22,35.211483,-89.92317,Fatal,Pedestrian,Intersection-On Roadway Crosswalk Not Available,Intersection,Dark-Lighted,Not Collision with Motor Vehicle in Transport,Pedestrian,1,True,City of Memphis,,,,,,,309.8362340358999,City of Memphis
300961068,2024-06-09,2024-06-09 01:30:00,2024,6,Sunday,1,35.136448,-90.012695,Suspected Minor Injury,Pedestrian,Not Intersection-On Roadway Not In Crosswalk,Non-Junction,Unknown,Not Collision with Motor Vehicle in Transport,Pedestrian,1,True,TDOT,UNION AVE,Principal Arterial,35.0,6.0,23,5.0,3.979873418194449,TDOT
300960898,2024-06-07,2024-06-07 19:00:00,2024,6,Friday,19,35.111443,-89.94977,Possible Injury,Pedestrian,Not Intersection-Outside Traffic,Non-Junction,Daylight,Not Collision with Motor Vehicle in Transport,Pedestrian,1,True,City of Memphis,,,,,,,1863.5966126222063,City of Memphis
300960255,2024-06-02,2024-06-02 00:41:00,2024,6,Sunday,0,35.04477,-89.88553,Suspected Minor Injury,Pedestrian,Not Intersection-On Roadway Not In Crosswalk,Non-Junction,Dark-Not Lighted,Not Collision with Motor Vehicle in Transport,Pedestrian,1,True,City of Memphis,,,,,,,2513.320435037549,City of Memphis
300960903,2024-06-04,2024-06-04 16:20:00,2024,6,Tuesday,16,35.14526,-90.03004,Suspected Minor Injury,Pedestrian,Intersection-On Roadway Crosswalk availability Unknown,Intersection,Dark-Lighted,Not Collision with Motor Vehicle in Transport,Pedestrian,2,True,City of Memphis,,,,,,,775.1872779235941,City of Memphis
300962567,2024-06-18,2024-06-18 21:10:00,2024,6,Tuesday,21,35.202553,-90.02802,Possible Injury,Pedestrian,Not Intersection-On Roadway Not In Crosswalk,Non-Junction,Dark-Not Lighted,Not Collision with Motor Vehicle in Transport,Pedestrian,1,True,City of Memphis,,,,,,,544.3116816762563,City of Memphis
300959889,2024-06-01,2024-06-01 00:00:00,2024,6,Saturday,99,35.17619,-89.93925,Possible Injury,Pedestrian,Intersection-On Roadway Crosswalk Not Available,Intersection,Unknown,Not Collision with Motor Vehicle in Transport,Pedestrian,1,True,TDOT,JACKSON AVE,Principal Arterial,40.0,6.0,14,7.0,4.688510338068052,TDOT
300958582,2024-05-21,2024-05-21 17:29:00,2024,5,Tuesday,17,35.15053,-90.05213,Possible Injury,Pedestrian,Intersection-In Crosswalk,Intersection,Daylight,Not Collision with Motor Vehicle in Transport,Pedestrian,1,True,City of Memphis,,,,,,,243.11022394409247,City of Memphis
300960069,2024-06-01,2024-06-01 22:00:00,2024,6,Saturday,22,35.205975,-89.802345,Possible Injury,Pedestrian,Intersection-On Roadway not in Crosswalk,AccelDecelLane,Dark-Not Lighted,Not Collision with Motor Vehicle in Transport,Pedestrian,1,False,Suburban-Shelby,,,,,,,,Suburban-Shelby
300958794,2024-05-24,2024-05-24 18:35:00,2024,5,Friday,18,35.12602,-89.990746,Possible Injury,Pedestrian,Intersection-In Crosswalk,AccelDecelLane,Daylight,Not Collision with Motor Vehicle in Transport,Pedestrian,1,True,City of Memphis,,,,,,,591.564257954622,City of Memphis
300874594,2023-03-22,2023-03-22 00:27:00,2023,3,Wednesday,0,35.148376,-89.98143,Fatal,Pedestrian,Not Intersection-On Roadway Not In Crosswalk,Non-Junction,Dark-Lighted,Not Collision with Motor Vehicle in Transport,Pedestrian,1,True,TDOT,E PARKWAY,Principal Arterial,40.0,7.0,57,5.0,27.13261296828385,TDOT
300894613,2023-06-22,2023-06-22 20:20:00,2023,6,Thursday,20,35.098293,-89.89115,Fatal,Pedestrian,Not Intersection-On Roadway Not In Crosswalk,Non-Junction,Daylight,Not Collision with Motor Vehicle in Transport,Pedestrian,1,True,City of Memphis,,,,,,,1181.5155826622845,City of Memphis
300960941,2024-06-08,2024-06-08 04:03:00,2024,6,Saturday,4,35.16826,-89.86452,Suspected Serious Injury,Pedestrian,Not Intersection-On Roadway Not In Crosswalk,AccelDecelLane,Dark-Not Lighted,Not Collision with Motor Vehicle in Transport,Pedestrian,1,True,City of Memphis,,,,,,,543.1408144178937,City of Memphis
300959157,2024-05-27,2024-05-27 07:28:00,2024,5,Monday,7,35.033012,-90.02144,Possible Injury,Pedestrian,Intersection-Not on Roadway,Non-Junction,Daylight,Not Collision with Motor Vehicle in Transport,Pedestrian,1,True,City of Memphis,,,,,,,340.6193832990594,City of Memphis
300959159,2024-05-27,2024-05-27 13:00:00,2024,5,Monday,13,35.057903,-90.06322,No Injury,Other Non-Motorist,Not Intersection-Unknown,Intersection,Daylight,Angle,Other,1,True,City of Memphis,,,,,,,316.0856854081256,City of Memphis
300962610,2024-06-19,2024-06-19 07:20:00,2024,6,Wednesday,7,35.11334,-90.05244,Suspected Serious Injury,Pedestrian,Not Intersection-On Roadway Not In Crosswalk,Non-Junction,Dawn,Not Collision with Motor Vehicle in Transport,Pedestrian,1,True,City of Memphis,,,,,,,255.7684143611457,City of Memphis
300959174,2024-05-27,2024-05-27 16:06:00,2024,5,Monday,16,35.080193,-89.95548,No Injury,Other Non-Motorist,Unknown,Intersection,Daylight,Not Collision with Motor Vehicle in Transport,Other,1,True,Interstate (TDOT),LAMAR AVE,Principal Arterial,40.0,6.0,4,4.0,3.4740049144211533,TDOT
300888290,2023-05-20,2023-05-20 20:23:00,2023,5,Saturday,20,35.161552,-89.947136,Suspected Serious Injury,Pedestrian,Not Intersection-On Roadway Not In Crosswalk,Non-Junction,Dark-Lighted,Not Collision with Motor Vehicle in Transport,Pedestrian,1,True,City of Memphis,,,,,,,617.2421873943975,City of Memphis
300961670,2024-06-12,2024-06-12 12:36:00,2024,6,Wednesday,12,35.00678,-90.00815,Possible Injury,Pedestrian,Intersection-Not on Roadway,Intersection,Daylight,Not Collision with Motor Vehicle in Transport,Pedestrian,1,True,City of Memphis,,,,,,,1563.209005832453,City of Memphis
300961125,2024-06-05,2024-06-05 20:00:00,2024,6,Wednesday,20,35.211975,-90.0322,Possible Injury,Pedestrian,Intersection-On Roadway not in Crosswalk,OtherLocation,Dark-Lighted,Not Collision with Motor Vehicle in Transport,Pedestrian,1,True,TDOT,THOMAS ST,,40.0,2.0,3,7.0,0.8012128282121301,TDOT
300959011,2024-05-26,2024-05-26 07:00:00,2024,5,Sunday,7,35.062923,-90.0878,No Injury,Other Non-Motorist,Intersection-Not on Roadway,"Driveway, Alley Access, etc",Dawn,Angle,Other,1,True,City of Memphis,,,,,,,2597.3991418091173,City of Memphis
300959565,2024-05-29,2024-05-29 20:48:00,2024,5,Wednesday,20,35.107697,-89.98315,Possible Injury,Pedestrian,Not Intersection-Unknown,"Driveway, Alley Access, etc",Dark-Unknown Lighting,Not Collision with Motor Vehicle in Transport,Pedestrian,1,True,City of Memphis,,,,,,,164.2625190321636,City of Memphis
300908787,2023-09-03,2023-09-03 00:22:00,2023,9,Sunday,0,35.15307,-89.88861,Fatal,Pedestrian,Not Intersection-On Roadway Not In Crosswalk,Non-Junction,Dark-Lighted,Not Collision with Motor Vehicle in Transport,Pedestrian,1,True,TDOT,SUMMER AVE,Principal Arterial,40.0,7.0,1,5.0,2.9276120819423816,TDOT
300960801,2024-06-06,2024-06-06 23:00:00,2024,6,Thursday,23,35.13798,-90.02818,Possible Injury,Pedestrian,Intersection-On Roadway not in Crosswalk,AccelDecelLane,Dark-Lighted,Not Collision with Motor Vehicle in Transport,Pedestrian,1,True,TDOT,UNION AVE,Principal Arterial,35.0,6.0,3,6.0,5.134409230420109,TDOT
300961170,2024-06-09,2024-06-09 20:59:00,2024,6,Sunday,20,35.0533,-90.02036,Suspected Serious Injury,Pedestrian,Not Intersection-On Roadway Not In Crosswalk,OtherLocation,Dark-Lighted,Not Collision with Motor Vehicle in Transport,Pedestrian,1,True,City of Memphis,,,,,,,426.5773457991883,City of Memphis
300961310,2024-06-10,2024-06-10 00:00:00,2024,6,Monday,99,35.114563,-89.927666,No Injury,Pedestrian,Not Intersection-Other Not On Roadway,Non-Junction,Unknown,Rear to Side,Other,1,True,City of Memphis,,,,,,,1029.284402015902,City of Memphis
300868973,2023-02-23,2023-02-23 22:27:00,2023,2,Thursday,22,35.061295,-89.886246,Fatal,Pedestrian,Not Intersection-On Roadway Crosswalk not Available,Non-Junction,Dark-Lighted,Not Collision with Motor Vehicle in Transport,Pedestrian,1,True,City of Memphis,,,,,,,2328.762573462122,City of Memphis
300960159,2024-06-02,2024-06-02 20:44:00,2024,6,Sunday,20,35.223206,-89.941216,Possible Injury,Pedestrian,Intersection-On Roadway not in Crosswalk,Intersection,Dark-Lighted,Not Collision with Motor Vehicle in Transport,Pedestrian,1,True,City of Memphis,,,,,,,2403.82248049258,City of Memphis
300945308,2024-03-09,2024-03-09 21:04:00,2024,3,Saturday,21,35.069477,-90.05807,Fatal,Pedestrian,Not Intersection-On Roadway Crosswalk not Available,Non-Junction,Dark-Lighted,Not Collision with Motor Vehicle in Transport,Other,1,True,City of Memphis,,,,,,,43.75352245041743,City of Memphis
300964714,2024-07-02,2024-07-02 13:00:00,2024,7,Tuesday,13,35.20456,-89.89461,Possible Injury,Pedestrian,Not Intersection-On Roadway Not In Crosswalk,AccelDecelLane,Daylight,Not Collision with Motor Vehicle in Transport,Pedestrian,1,True,TDOT,COVINGTON PIKE,,45.0,5.0,204,1.0,13.23436357283016,TDOT
300963821,2024-06-27,2024-06-27 22:20:00,2024,6,Thursday,22,35.174534,-89.98324,Suspected Minor Injury,Pedestrian,Intersection-Unknown,Intersection,Dark-Lighted,Not Collision with Motor Vehicle in Transport,Pedestrian,1,True,City of Memphis,,,,,,,1703.6900607613886,City of Memphis
300963205,2024-06-22,2024-06-22 18:23:00,2024,6,Saturday,18,35.108936,-89.98923,Possible Injury,Pedestrian,Intersection-On Roadway not in Crosswalk,Non-Junction,Daylight,Not Collision with Motor Vehicle in Transport,Pedestrian,1,True,TDOT,LAMAR AVE,Principal Arterial,40.0,7.0,4,4.0,4.346122988132574,TDOT
300964899,2024-07-04,2024-07-04 16:52:00,2024,7,Thursday,16,35.20337,-89.97807,Possible Injury,Pedestrian,Not Intersection-On Roadway Crosswalk not Available,OtherLocation,Daylight,Not Collision with Motor Vehicle in Transport,Pedestrian,1,True,City of Memphis,,,,,,,4648.586874097708,City of Memphis
300966300,2024-07-15,2024-07-15 18:05:00,2024,7,Monday,18,35.020256,-89.94825,Possible Injury,Pedestrian,Not Intersection-In Parking Lane,"Driveway, Alley Access, etc",Daylight,Not Collision with Motor Vehicle in Transport,Pedestrian,1,True,City of Memphis,,,,,,,55.50060847204134,City of Memphis
300943727,2024-02-28,2024-02-28 19:20:00,2024,2,Wednesday,19,35.084778,-89.95135,Fatal,Pedestrian,Not Intersection-On Roadway Crosswalk not Available,Non-Junction,Dark-Not Lighted,Not Collision with Motor Vehicle in Transport,Pedestrian,1,True,City of Memphis,,,,,,,623.2354839340023,City of Memphis
300964918,2024-07-05,2024-07-05 14:58:00,2024,7,Friday,14,35.212906,-90.00558,Suspected Serious Injury,Pedestrian,Not Intersection-On Roadway Not In Crosswalk,AccelDecelLane,Daylight,Not Collision with Motor Vehicle in Transport,Pedestrian,1,True,City of Memphis,,,,,,,2110.393849700714,City of Memphis
300960198,2024-06-02,2024-06-02 20:06:00,2024,6,Sunday,20,35.22605,-89.940834,Fatal,Pedestrian,Not Intersection-On Roadway Not In Crosswalk,AccelDecelLane,Dark-Lighted,Not Collision with Motor Vehicle in Transport,Pedestrian,1,True,City of Memphis,,,,,,,2573.992798133091,City of Memphis
300865216,2023-02-04,2023-02-04 20:33:00,2023,2,Saturday,20,35.04188,-90.02512,Fatal,Pedestrian,Not Intersection-On Roadway Not In Crosswalk,Intersection-Related,Dark-Lighted,Not Collision with Motor Vehicle in Transport,Pedestrian,1,True,TDOT,ELVIS PRESLEY BLVD,Principal Arterial,40.0,6.0,3,6.0,0.0865634424567689,TDOT